data||type||speaker||lineNumber||songTitle||songNumber||album||
Uhh.. uhh||Intro||Kanye West||1||Good Morning||1||Graduation||
Uhh.. uhh||Intro||Kanye West||2||Good Morning||1||Graduation||
Good morning!||Chorus||Kanye West||3||Good Morning||1||Graduation||
Good morning!||Chorus||Kanye West||4||Good Morning||1||Graduation||
Good morning!||Chorus||Kanye West||5||Good Morning||1||Graduation||
Good morning!||Chorus||Kanye West||6||Good Morning||1||Graduation||
Wake up Mr. West, Mr. West||Verse 1||Kanye West||7||Good Morning||1||Graduation||
Mr. Fresh, Mister, by himself he's so impressed||Verse 1||Kanye West||8||Good Morning||1||Graduation||
I mean damn, did you even see the test?||Verse 1||Kanye West||9||Good Morning||1||Graduation||
You got D's, muthafucka D's, Rosie Perez||Verse 1||Kanye West||10||Good Morning||1||Graduation||
And yer ass barely passed any and every class||Verse 1||Kanye West||11||Good Morning||1||Graduation||
Looking at every ass, cheated on every test||Verse 1||Kanye West||12||Good Morning||1||Graduation||
I guess, this is my dissertation||Verse 1||Kanye West||13||Good Morning||1||Graduation||
Homie this shit is basic, welcome to Graduation||Verse 1||Kanye West||14||Good Morning||1||Graduation||
Good morning!||Chorus||Kanye West||15||Good Morning||1||Graduation||
Good morning!||Chorus||Kanye West||16||Good Morning||1||Graduation||
Good morning!||Chorus||Kanye West||17||Good Morning||1||Graduation||
Good morning!||Chorus||Kanye West||18||Good Morning||1||Graduation||
Good morning, on this day we become legendary||Verse 2||Kanye West||19||Good Morning||1||Graduation||
Everything we dreamed of||Verse 2||Kanye West||20||Good Morning||1||Graduation||
I'm like the fly Malcolm X, buy any jeans necessary||Verse 2||Kanye West||21||Good Morning||1||Graduation||
Detroit Red cleaned up||Verse 2||Kanye West||22||Good Morning||1||Graduation||
From the streets to the league, from an eighth to a key||Verse 2||Kanye West||23||Good Morning||1||Graduation||
But you graduate when you make it up outta the streets||Verse 2||Kanye West||24||Good Morning||1||Graduation||
From the moments of pain, look how far we done came||Verse 2||Kanye West||25||Good Morning||1||Graduation||
Haters saying you changed, now you doing your thang||Verse 2||Kanye West||26||Good Morning||1||Graduation||
Good morning!||Chorus||Kanye West||27||Good Morning||1||Graduation||
Good morning!||Chorus||Kanye West||28||Good Morning||1||Graduation||
Good morning and—||Chorus||Kanye West||29||Good Morning||1||Graduation||
Good morning!||Chorus||Kanye West||30||Good Morning||1||Graduation||
Good morning and look at the valedictorian||Verse 3||Kanye West||31||Good Morning||1||Graduation||
Scared of the future while I hop in the DeLorean||Verse 3||Kanye West||32||Good Morning||1||Graduation||
Scared to face the world, complacent career student||Verse 3||Kanye West||33||Good Morning||1||Graduation||
Some people graduate, but be still stupid||Verse 3||Kanye West||34||Good Morning||1||Graduation||
They tell you read this, eat this, don't look around||Verse 3||Kanye West||35||Good Morning||1||Graduation||
Just peep this, preach this, teach us, Jesus||Verse 3||Kanye West||36||Good Morning||1||Graduation||
Okay look up now, they done stole yo' streetness||Verse 3||Kanye West||37||Good Morning||1||Graduation||
After all of that you received this||Verse 3||Kanye West||38||Good Morning||1||Graduation||
Good morning!||Bridge||Kanye West & JAY-Z||39||Good Morning||1||Graduation||
Hustlers that's if you're still living, get on down||Bridge||Kanye West & JAY-Z||40||Good Morning||1||Graduation||
Every time that we hear them||Bridge||Kanye West & JAY-Z||41||Good Morning||1||Graduation||
Good morning!||Bridge||Kanye West & JAY-Z||42||Good Morning||1||Graduation||
Hustlers that's if you're still living, get on down||Bridge||Kanye West & JAY-Z||43||Good Morning||1||Graduation||
Every time that we hear them||Bridge||Kanye West & JAY-Z||44||Good Morning||1||Graduation||
Good morning!||Bridge||Kanye West & JAY-Z||45||Good Morning||1||Graduation||
Hustlers that's if you're still living, get on down||Bridge||Kanye West & JAY-Z||46||Good Morning||1||Graduation||
Every time that we hear them||Bridge||Kanye West & JAY-Z||47||Good Morning||1||Graduation||
Good morning!||Bridge||Kanye West & JAY-Z||48||Good Morning||1||Graduation||
Hustlers that's if you're still living, get on down||Bridge||Kanye West & JAY-Z||49||Good Morning||1||Graduation||
Get on down||Outro||JAY-Z||50||Good Morning||1||Graduation||
Get— get on down||Outro||JAY-Z||51||Good Morning||1||Graduation||
Get on down||Outro||JAY-Z||52||Good Morning||1||Graduation||
Get— get on down||Outro||JAY-Z||53||Good Morning||1||Graduation||
Did you realize||Intro||Kanye West||1||Champion||2||Graduation||
That you were a champion in their eyes?||Intro||Kanye West||2||Champion||2||Graduation||
Yes, I did||Intro||Kanye West||3||Champion||2||Graduation||
So I packed it up and brought it back to the crib||Intro||Kanye West||4||Champion||2||Graduation||
Just a little something, show you how we live||Intro||Kanye West||5||Champion||2||Graduation||
Everybody want it but it ain't that serious||Intro||Kanye West||6||Champion||2||Graduation||
Mhm, that's that shit||Intro||Kanye West||7||Champion||2||Graduation||
So if you gon' do it, do it just like this||Intro||Kanye West||8||Champion||2||Graduation||
Did you realize||Intro||Kanye West||9||Champion||2||Graduation||
That you were a champion in their eyes?||Intro||Kanye West||10||Champion||2||Graduation||
You don't see just how wild the crowd is||Intro||Kanye West||11||Champion||2||Graduation||
You don't see just how fly my style is||Intro||Kanye West||12||Champion||2||Graduation||
I don't see why I need a stylist||Intro||Kanye West||13||Champion||2||Graduation||
When I shop so much I can speak Italian||Intro||Kanye West||14||Champion||2||Graduation||
I don't know, I just want it better for my kids||Intro||Kanye West||15||Champion||2||Graduation||
And I ain't sayin' we was from the projects||Intro||Kanye West||16||Champion||2||Graduation||
But every time I wanted layaway or a deposit||Intro||Kanye West||17||Champion||2||Graduation||
My dad'd say "when you see clothes, close your eyelids"||Intro||Kanye West||18||Champion||2||Graduation||
We was sort of like Will Smith and his son||Intro||Kanye West||19||Champion||2||Graduation||
In the movie, I ain't talkin' 'bout the rich ones||Intro||Kanye West||20||Champion||2||Graduation||
'Cause every summer he'd get some||Intro||Kanye West||21||Champion||2||Graduation||
Brand new harebrained scheme to get rich from||Intro||Kanye West||22||Champion||2||Graduation||
And I don't know what he did for dough||Intro||Kanye West||23||Champion||2||Graduation||
But he'd send me back to school with a new wardrobe, but ayy||Intro||Kanye West||24||Champion||2||Graduation||
Did you realize||Intro||Kanye West||25||Champion||2||Graduation||
That you were a champion in their eyes?||Intro||Kanye West||26||Champion||2||Graduation||
I think he did||Intro||Kanye West||27||Champion||2||Graduation||
When he packed it up and brought it back to the crib||Intro||Kanye West||28||Champion||2||Graduation||
Just a little something, show you how we live||Intro||Kanye West||29||Champion||2||Graduation||
Everything I wanted, man it seem so serious||Intro||Kanye West||30||Champion||2||Graduation||
Mhm, that's that shit||Intro||Kanye West||31||Champion||2||Graduation||
So if you gon' do it, do it just like this||Intro||Kanye West||32||Champion||2||Graduation||
Did you realize||Intro||Kanye West||33||Champion||2||Graduation||
That you were a champion in their eyes?||Intro||Kanye West||34||Champion||2||Graduation||
When it feel like living's harder than dyin'||Intro||Kanye West||35||Champion||2||Graduation||
For me givin' up's way harder than tryin'||Intro||Kanye West||36||Champion||2||Graduation||
Lauryn Hill said her heart was in Zion||Intro||Kanye West||37||Champion||2||Graduation||
I wish her heart still was in rhymin'||Intro||Kanye West||38||Champion||2||Graduation||
'Cause who the kids gon' listen to, huh?||Intro||Kanye West||39||Champion||2||Graduation||
I guess me if it isn't you||Intro||Kanye West||40||Champion||2||Graduation||
Last week I paid a visit to the institute||Intro||Kanye West||41||Champion||2||Graduation||
They got the dropout keepin' kids in the school||Intro||Kanye West||42||Champion||2||Graduation||
I guess I cleaned up my act like Prince'd do||Intro||Kanye West||43||Champion||2||Graduation||
If not for pleasure, then at least for the principle||Intro||Kanye West||44||Champion||2||Graduation||
They got the CD, they got to see me||Intro||Kanye West||45||Champion||2||Graduation||
Drop gems like I dropped out of PE||Intro||Kanye West||46||Champion||2||Graduation||
They used to feel invisible||Intro||Kanye West||47||Champion||2||Graduation||
Now they know they invincible||Intro||Kanye West||48||Champion||2||Graduation||
Did you realize||Intro||Kanye West||49||Champion||2||Graduation||
That you were a champion in their eyes?||Intro||Kanye West||50||Champion||2||Graduation||
This is the story of a champion||Intro||Kanye West||51||Champion||2||Graduation||
Runners on their mark and they pop their guns||Intro||Kanye West||52||Champion||2||Graduation||
Stand up, stand up, here he comes||Intro||Kanye West||53||Champion||2||Graduation||
Tell me what it takes to be number one||Intro||Kanye West||54||Champion||2||Graduation||
Tell me what it takes to be number one||Intro||Kanye West||55||Champion||2||Graduation||
This is the story of a champion||Intro||Kanye West||56||Champion||2||Graduation||
Runners on their mark and they pop their guns||Intro||Kanye West||57||Champion||2||Graduation||
Stand up, stand up, here he comes||Intro||Kanye West||58||Champion||2||Graduation||
Tell me what it takes to be number one||Intro||Kanye West||59||Champion||2||Graduation||
Tell me what it takes to be number one||Intro||Kanye West||60||Champion||2||Graduation||
Did you realize||Intro||Kanye West||61||Champion||2||Graduation||
That you were a champion in their eyes?||Intro||Kanye West||62||Champion||2||Graduation||
Yes I did||Intro||Kanye West||63||Champion||2||Graduation||
So I packed it up and brought it back to the crib||Intro||Kanye West||64||Champion||2||Graduation||
Just a little something, show you how we live||Intro||Kanye West||65||Champion||2||Graduation||
Everybody want it, but it ain't that serious||Intro||Kanye West||66||Champion||2||Graduation||
Mhm, that's that shit||Intro||Kanye West||67||Champion||2||Graduation||
So if you gon' do it, do it just like this... like this||Intro||Kanye West||68||Champion||2||Graduation||
Did you realize||Intro||Kanye West||69||Champion||2||Graduation||
That you were a champion in their eyes?||Intro||Kanye West||70||Champion||2||Graduation||
Work it, make it, do it, makes us||Intro||Daft Punk||1||Stronger||3||Graduation||
Harder, better, faster, stronger||Intro||Daft Punk||2||Stronger||3||Graduation||
N-Now th-that that don't kill me||Chorus||Kanye West & Daft Punk||3||Stronger||3||Graduation||
Can only make us stronger||Chorus||Kanye West & Daft Punk||4||Stronger||3||Graduation||
I need you to hurry up now||Chorus||Kanye West & Daft Punk||5||Stronger||3||Graduation||
‘Cause I can't wait much longer||Chorus||Kanye West & Daft Punk||6||Stronger||3||Graduation||
I know I got to be right now||Chorus||Kanye West & Daft Punk||7||Stronger||3||Graduation||
‘Cause I can't get much wronger||Chorus||Kanye West & Daft Punk||8||Stronger||3||Graduation||
Man, I've been waiting all night now||Chorus||Kanye West & Daft Punk||9||Stronger||3||Graduation||
That's how long I been on ya||Chorus||Kanye West & Daft Punk||10||Stronger||3||Graduation||
(Work it harder, make it better||Chorus||Kanye West & Daft Punk||11||Stronger||3||Graduation||
Do it faster, makes us stronger)||Chorus||Kanye West & Daft Punk||12||Stronger||3||Graduation||
(I need you right now!)||Chorus||Kanye West & Daft Punk||13||Stronger||3||Graduation||
(More than ever, hour after hour||Chorus||Kanye West & Daft Punk||14||Stronger||3||Graduation||
Work–)||Chorus||Kanye West & Daft Punk||15||Stronger||3||Graduation||
(I need you right now!)||Chorus||Kanye West & Daft Punk||16||Stronger||3||Graduation||
Let's get lost tonight||Verse 1||Kanye West||17||Stronger||3||Graduation||
You could be my black Kate Moss tonight||Verse 1||Kanye West||18||Stronger||3||Graduation||
Play secretary, I'm the boss tonight||Verse 1||Kanye West||19||Stronger||3||Graduation||
And you don't give a fuck what they all say, right?||Verse 1||Kanye West||20||Stronger||3||Graduation||
Awesome, the Christian in Christian Dior||Verse 1||Kanye West||21||Stronger||3||Graduation||
Damn, they don't make 'em like this anymore||Verse 1||Kanye West||22||Stronger||3||Graduation||
I ask, ‘cause I'm not sure||Verse 1||Kanye West||23||Stronger||3||Graduation||
Do anybody make real shit anymore?||Verse 1||Kanye West||24||Stronger||3||Graduation||
Bow in the presence of greatness||Verse 1||Kanye West||25||Stronger||3||Graduation||
‘Cause right now, thou hast forsaken us||Verse 1||Kanye West||26||Stronger||3||Graduation||
You should be honored by my lateness||Verse 1||Kanye West||27||Stronger||3||Graduation||
That I would even show up to this fake shit||Verse 1||Kanye West||28||Stronger||3||Graduation||
So go ahead, go nuts, go apeshit!||Verse 1||Kanye West||29||Stronger||3||Graduation||
'Specially in my Pastellé, on my Bape shit||Verse 1||Kanye West||30||Stronger||3||Graduation||
Act like you can't tell who made this||Verse 1||Kanye West||31||Stronger||3||Graduation||
New Gospel, homie, take six||Verse 1||Kanye West||32||Stronger||3||Graduation||
And take this, haters!||Verse 1||Kanye West||33||Stronger||3||Graduation||
N-Now th-that that don't kill me||Chorus||Kanye West & Daft Punk||34||Stronger||3||Graduation||
Can only make me stronger||Chorus||Kanye West & Daft Punk||35||Stronger||3||Graduation||
I need you to hurry up now||Chorus||Kanye West & Daft Punk||36||Stronger||3||Graduation||
‘Cause I can't wait much longer||Chorus||Kanye West & Daft Punk||37||Stronger||3||Graduation||
I know I got to be right now||Chorus||Kanye West & Daft Punk||38||Stronger||3||Graduation||
‘Cause I can't get much wronger||Chorus||Kanye West & Daft Punk||39||Stronger||3||Graduation||
Man, I've been waiting all night now||Chorus||Kanye West & Daft Punk||40||Stronger||3||Graduation||
That's how long I been on ya||Chorus||Kanye West & Daft Punk||41||Stronger||3||Graduation||
(Work it harder, make it better||Chorus||Kanye West & Daft Punk||42||Stronger||3||Graduation||
Do it faster, makes us stronger)||Chorus||Kanye West & Daft Punk||43||Stronger||3||Graduation||
(I need you right now!)||Chorus||Kanye West & Daft Punk||44||Stronger||3||Graduation||
(More than ever, hour after hour||Chorus||Kanye West & Daft Punk||45||Stronger||3||Graduation||
Work–)||Chorus||Kanye West & Daft Punk||46||Stronger||3||Graduation||
(I need you right now!) Me likey!||Chorus||Kanye West & Daft Punk||47||Stronger||3||Graduation||
I don't know if you got a man or not||Verse 2||Kanye West & Daft Punk||48||Stronger||3||Graduation||
If you made plans or not||Verse 2||Kanye West & Daft Punk||49||Stronger||3||Graduation||
If God put me in your plans or not||Verse 2||Kanye West & Daft Punk||50||Stronger||3||Graduation||
I'm trippin', this drink got me saying a lot||Verse 2||Kanye West & Daft Punk||51||Stronger||3||Graduation||
But I know that God put you in front of me||Verse 2||Kanye West & Daft Punk||52||Stronger||3||Graduation||
So how the hell could you front on me?||Verse 2||Kanye West & Daft Punk||53||Stronger||3||Graduation||
There's a thousand you's, there's only one of me||Verse 2||Kanye West & Daft Punk||54||Stronger||3||Graduation||
I'm trippin', I'm caught up in the moment, right?||Verse 2||Kanye West & Daft Punk||55||Stronger||3||Graduation||
‘Cause it's Louis Vuitton Don night||Verse 2||Kanye West & Daft Punk||56||Stronger||3||Graduation||
So we gon' do everything that Kan like||Verse 2||Kanye West & Daft Punk||57||Stronger||3||Graduation||
Heard they'd do anything for a Klondike||Verse 2||Kanye West & Daft Punk||58||Stronger||3||Graduation||
Well, I'd do anything for a blonde dyke||Verse 2||Kanye West & Daft Punk||59||Stronger||3||Graduation||
And she'll do anything for the limelight||Verse 2||Kanye West & Daft Punk||60||Stronger||3||Graduation||
And we'll do anything when the time's right||Verse 2||Kanye West & Daft Punk||61||Stronger||3||Graduation||
Uh, baby, you're makin' it–||Verse 2||Kanye West & Daft Punk||62||Stronger||3||Graduation||
(Harder, better, faster, stronger)||Verse 2||Kanye West & Daft Punk||63||Stronger||3||Graduation||
N-Now th-that that don't kill me (Oh)||Chorus||Kanye West & Daft Punk||64||Stronger||3||Graduation||
Can only make me stronger (Oh)||Chorus||Kanye West & Daft Punk||65||Stronger||3||Graduation||
I need you to hurry up now (Oh)||Chorus||Kanye West & Daft Punk||66||Stronger||3||Graduation||
‘Cause I can't wait much longer (Oh)||Chorus||Kanye West & Daft Punk||67||Stronger||3||Graduation||
I know I got to be right now (Oh)||Chorus||Kanye West & Daft Punk||68||Stronger||3||Graduation||
‘Cause I can't get much wronger (Oh)||Chorus||Kanye West & Daft Punk||69||Stronger||3||Graduation||
Man, I've been waiting all night now||Chorus||Kanye West & Daft Punk||70||Stronger||3||Graduation||
That's how long I been on ya||Chorus||Kanye West & Daft Punk||71||Stronger||3||Graduation||
(Work it harder, make it better||Chorus||Kanye West & Daft Punk||72||Stronger||3||Graduation||
Do it faster, makes us stronger)||Chorus||Kanye West & Daft Punk||73||Stronger||3||Graduation||
(I need you right now!)||Chorus||Kanye West & Daft Punk||74||Stronger||3||Graduation||
(I need you right now!)||Chorus||Kanye West & Daft Punk||75||Stronger||3||Graduation||
You know how long I've been on ya||Bridge||Kanye West & Daft Punk||76||Stronger||3||Graduation||
Since Prince was on Apollonia||Bridge||Kanye West & Daft Punk||77||Stronger||3||Graduation||
Since O.J. had Isotoners||Bridge||Kanye West & Daft Punk||78||Stronger||3||Graduation||
Don't act like I never told ya||Bridge||Kanye West & Daft Punk||79||Stronger||3||Graduation||
Don't act like I never told ya||Bridge||Kanye West & Daft Punk||80||Stronger||3||Graduation||
Don't act like I never told ya||Bridge||Kanye West & Daft Punk||81||Stronger||3||Graduation||
Don't act like I never told ya||Bridge||Kanye West & Daft Punk||82||Stronger||3||Graduation||
Don't act like I never told ya||Bridge||Kanye West & Daft Punk||83||Stronger||3||Graduation||
Baby, you're makin' it||Bridge||Kanye West & Daft Punk||84||Stronger||3||Graduation||
(Harder, better, faster, stronger)||Bridge||Kanye West & Daft Punk||85||Stronger||3||Graduation||
N-Now th-that that don't kill me||Chorus||Kanye West & Daft Punk||86||Stronger||3||Graduation||
Can only make me stronger||Chorus||Kanye West & Daft Punk||87||Stronger||3||Graduation||
I need you to hurry up now||Chorus||Kanye West & Daft Punk||88||Stronger||3||Graduation||
‘Cause I can't wait much longer||Chorus||Kanye West & Daft Punk||89||Stronger||3||Graduation||
I know I got to be right now||Chorus||Kanye West & Daft Punk||90||Stronger||3||Graduation||
‘Cause I can't get much wronger||Chorus||Kanye West & Daft Punk||91||Stronger||3||Graduation||
Man, I've been waiting all night now||Chorus||Kanye West & Daft Punk||92||Stronger||3||Graduation||
That's how long I been on ya||Chorus||Kanye West & Daft Punk||93||Stronger||3||Graduation||
(Work it harder, make it better||Chorus||Kanye West & Daft Punk||94||Stronger||3||Graduation||
Do it faster, makes us stronger)||Chorus||Kanye West & Daft Punk||95||Stronger||3||Graduation||
(I need you right now!)||Chorus||Kanye West & Daft Punk||96||Stronger||3||Graduation||
(I need you right now!)||Chorus||Kanye West & Daft Punk||97||Stronger||3||Graduation||
Right now!||Chorus||Kanye West & Daft Punk||98||Stronger||3||Graduation||
Work it harder, make it better||Chorus||Kanye West & Daft Punk||99||Stronger||3||Graduation||
Do it faster, makes us stronger||Chorus||Kanye West & Daft Punk||100||Stronger||3||Graduation||
(I need you right now!)||Chorus||Kanye West & Daft Punk||101||Stronger||3||Graduation||
(I need you right now!)||Chorus||Kanye West & Daft Punk||102||Stronger||3||Graduation||
You know how long I've been on ya||Bridge||Kanye West||103||Stronger||3||Graduation||
Since Prince was on Apollonia||Bridge||Kanye West||104||Stronger||3||Graduation||
Since O.J. had Isotoners||Bridge||Kanye West||105||Stronger||3||Graduation||
Don't act like I never told ya||Bridge||Kanye West||106||Stronger||3||Graduation||
You know how long I've been on ya||Bridge||Kanye West||107||Stronger||3||Graduation||
Since Prince was on Apollonia||Bridge||Kanye West||108||Stronger||3||Graduation||
Since O.J. had Isotoners||Bridge||Kanye West||109||Stronger||3||Graduation||
Don't act like I never told ya||Bridge||Kanye West||110||Stronger||3||Graduation||
Told ya, told ya||Bridge||Kanye West||111||Stronger||3||Graduation||
Never told ya…told ya, told ya, told ya||Bridge||Kanye West||112||Stronger||3||Graduation||
Never told ya…told ya, told ya, told ya||Bridge||Kanye West||113||Stronger||3||Graduation||
Never told ya…told ya, told ya, told ya||Bridge||Kanye West||114||Stronger||3||Graduation||
Never told ya…told ya, told ya, told ya||Bridge||Kanye West||115||Stronger||3||Graduation||
Never over…Never over… Never over… Never over…||Bridge||Kanye West||116||Stronger||3||Graduation||
Never over…Never over… Never over… Never over…||Bridge||Kanye West||117||Stronger||3||Graduation||
(Harder, better, faster, stronger)||Bridge||Kanye West||118||Stronger||3||Graduation||
Work it harder, make it better||Bridge||Kanye West||119||Stronger||3||Graduation||
Do it faster, makes us stronger||Bridge||Kanye West||120||Stronger||3||Graduation||
More than ever, hour after||Bridge||Kanye West||121||Stronger||3||Graduation||
Our work is never over||Bridge||Kanye West||122||Stronger||3||Graduation||
Work it harder, make it better||Bridge||Kanye West||123||Stronger||3||Graduation||
Do it faster, makes us stronger||Bridge||Kanye West||124||Stronger||3||Graduation||
More than ever, hour after—||Bridge||Kanye West||125||Stronger||3||Graduation||
Our work is never over||Bridge||Kanye West||126||Stronger||3||Graduation||
Work it harder, make it better||Bridge||Kanye West||127||Stronger||3||Graduation||
Do it faster, makes us stronger||Bridge||Kanye West||128||Stronger||3||Graduation||
More than ever, hour after hour||Bridge||Kanye West||129||Stronger||3||Graduation||
Work is never over||Bridge||Kanye West||130||Stronger||3||Graduation||
Work it harder, make it better||Bridge||Kanye West||131||Stronger||3||Graduation||
Do it faster, makes us stronger||Bridge||Kanye West||132||Stronger||3||Graduation||
More than ever, hour after hour||Bridge||Kanye West||133||Stronger||3||Graduation||
Work is never over||Bridge||Kanye West||134||Stronger||3||Graduation||
Find your dreams come true||Intro||Labi Siffre||1||I Wonder||4||Graduation||
And I wonder||Intro||Labi Siffre||2||I Wonder||4||Graduation||
If you know||Intro||Labi Siffre||3||I Wonder||4||Graduation||
What it means||Intro||Labi Siffre||4||I Wonder||4||Graduation||
What it means||Intro||Labi Siffre||5||I Wonder||4||Graduation||
And I wonder||Intro||Labi Siffre||6||I Wonder||4||Graduation||
If you know||Intro||Labi Siffre||7||I Wonder||4||Graduation||
What it means||Intro||Labi Siffre||8||I Wonder||4||Graduation||
What it means||Intro||Labi Siffre||9||I Wonder||4||Graduation||
And I wonder||Intro||Labi Siffre||10||I Wonder||4||Graduation||
If you know||Intro||Labi Siffre||11||I Wonder||4||Graduation||
What it means||Intro||Labi Siffre||12||I Wonder||4||Graduation||
To find your dreams, and I wonder||Intro||Labi Siffre||13||I Wonder||4||Graduation||
I've been waiting on this my whole life (And I wonder)||Verse 1||Kanye West & Labi Siffre||14||I Wonder||4||Graduation||
These dreams be waking me up at night (And I wonder)||Verse 1||Kanye West & Labi Siffre||15||I Wonder||4||Graduation||
You say I think I'm never wrong (And I wonder)||Verse 1||Kanye West & Labi Siffre||16||I Wonder||4||Graduation||
You know what? Maybe you're right aight?||Verse 1||Kanye West & Labi Siffre||17||I Wonder||4||Graduation||
And I wonder if you know||Chorus||Labi Siffre||18||I Wonder||4||Graduation||
What it means, what it means||Chorus||Labi Siffre||19||I Wonder||4||Graduation||
And I wonder if you know||Chorus||Labi Siffre||20||I Wonder||4||Graduation||
What it means to find your dreams||Chorus||Labi Siffre||21||I Wonder||4||Graduation||
And I wonder||Chorus||Labi Siffre||22||I Wonder||4||Graduation||
You say he get on your fucking nerves (And I wonder)||Verse 2||Kanye West & Labi Siffre||23||I Wonder||4||Graduation||
You hope that he get what he deserves—word! (And I wonder)||Verse 2||Kanye West & Labi Siffre||24||I Wonder||4||Graduation||
Do you even remember what the issue is?||Verse 2||Kanye West & Labi Siffre||25||I Wonder||4||Graduation||
You just trying to find where the tissue is||Verse 2||Kanye West & Labi Siffre||26||I Wonder||4||Graduation||
You can still be who you wish you is||Verse 2||Kanye West & Labi Siffre||27||I Wonder||4||Graduation||
It ain't happen yet, and that's what intuition is (And I wonder)||Verse 2||Kanye West & Labi Siffre||28||I Wonder||4||Graduation||
When you hop back in the car||Verse 2||Kanye West & Labi Siffre||29||I Wonder||4||Graduation||
Drive back to the crib, run back to their arms||Verse 2||Kanye West & Labi Siffre||30||I Wonder||4||Graduation||
The smokescreens, the chokes and the screams||Verse 2||Kanye West & Labi Siffre||31||I Wonder||4||Graduation||
You ever wonder what it all really means?||Verse 2||Kanye West & Labi Siffre||32||I Wonder||4||Graduation||
And I wonder if you know what it means, what it means||Chorus||Labi Siffre||33||I Wonder||4||Graduation||
And I wonder if you know what it means||Chorus||Labi Siffre||34||I Wonder||4||Graduation||
To find your dreams, and I wonder||Chorus||Labi Siffre||35||I Wonder||4||Graduation||
And I'm back on my grind||Verse 3||Kanye West & Labi Siffre||36||I Wonder||4||Graduation||
A psychic read my lifeline, told me in my lifetime||Verse 3||Kanye West & Labi Siffre||37||I Wonder||4||Graduation||
My name would help light up the Chicago skyline||Verse 3||Kanye West & Labi Siffre||38||I Wonder||4||Graduation||
And that's why I'm (And I wonder)||Verse 3||Kanye West & Labi Siffre||39||I Wonder||4||Graduation||
Seven o'clock, that's primetime||Verse 3||Kanye West & Labi Siffre||40||I Wonder||4||Graduation||
Heaven'll watch, God calling from the hotlines||Verse 3||Kanye West & Labi Siffre||41||I Wonder||4||Graduation||
Why he keep giving me hot lines?||Verse 3||Kanye West & Labi Siffre||42||I Wonder||4||Graduation||
I'm a star, how could I not shine? (And I wonder)||Verse 3||Kanye West & Labi Siffre||43||I Wonder||4||Graduation||
How many ladies in the house? (If you know)||Verse 3||Kanye West & Labi Siffre||44||I Wonder||4||Graduation||
How many ladies in the house without a spouse? (What it means)||Verse 3||Kanye West & Labi Siffre||45||I Wonder||4||Graduation||
Something in your blouse got me feeling so aroused (What it means)||Verse 3||Kanye West & Labi Siffre||46||I Wonder||4||Graduation||
What you about? (And I wonder)||Verse 3||Kanye West & Labi Siffre||47||I Wonder||4||Graduation||
On that independent shit (If you know)||Verse 3||Kanye West & Labi Siffre||48||I Wonder||4||Graduation||
Trade it all for a husband and some kids (What it means)||Verse 3||Kanye West & Labi Siffre||49||I Wonder||4||Graduation||
You ever wonder what it all really mean?||Verse 3||Kanye West & Labi Siffre||50||I Wonder||4||Graduation||
You wonder if you'll ever find your dreams?||Verse 3||Kanye West & Labi Siffre||51||I Wonder||4||Graduation||
To find your dreams come true||Verse 3||Kanye West & Labi Siffre||52||I Wonder||4||Graduation||
Like we always do at this time||Chorus||Kanye West & T-Pain||1||Good Life||5||Graduation||
I go for mine, I gots to shine||Chorus||Kanye West & T-Pain||2||Good Life||5||Graduation||
(Now throw yo' hands up in the sky)||Chorus||Kanye West & T-Pain||3||Good Life||5||Graduation||
I go go for mine, I gots to shine||Chorus||Kanye West & T-Pain||4||Good Life||5||Graduation||
(Now throw yo' hands up in the sky)||Chorus||Kanye West & T-Pain||5||Good Life||5||Graduation||
I'ma get on this TV momma, I'ma||Chorus||Kanye West & T-Pain||6||Good Life||5||Graduation||
I'ma put shit down||Chorus||Kanye West & T-Pain||7||Good Life||5||Graduation||
(Ayy) ayy (Ayy), ayy||Chorus||Kanye West & T-Pain||8||Good Life||5||Graduation||
(Ayy) ayy (Ayy), I'm good||Chorus||Kanye West & T-Pain||9||Good Life||5||Graduation||
Welcome to the good life, where niggas who sell D||Verse 1||Kanye West||10||Good Life||5||Graduation||
Won't even get pulled over in they new V||Verse 1||Kanye West||11||Good Life||5||Graduation||
The good life, let's go on a living spree||Verse 1||Kanye West||12||Good Life||5||Graduation||
Shit, they say the best things in life are free||Verse 1||Kanye West||13||Good Life||5||Graduation||
The good life, it feel like Atlanta||Verse 1||Kanye West||14||Good Life||5||Graduation||
It feel like L.A., it feel like Miami||Verse 1||Kanye West||15||Good Life||5||Graduation||
It feel like NY, summertime Chi||Verse 1||Kanye West||16||Good Life||5||Graduation||
Ah! (Now throw yo' hands up in the sky)||Verse 1||Kanye West||17||Good Life||5||Graduation||
So I roll through good||Verse 1||Kanye West||18||Good Life||5||Graduation||
Y'all pop the trunk, I pop the hood, Ferrari||Verse 1||Kanye West||19||Good Life||5||Graduation||
And she got the goods||Verse 1||Kanye West||20||Good Life||5||Graduation||
And she got that ass, I got to look, sorry!||Verse 1||Kanye West||21||Good Life||5||Graduation||
Yo, it's got to be 'cause I'm seasoned||Verse 1||Kanye West||22||Good Life||5||Graduation||
Haters give me them salty looks, Lawry's||Verse 1||Kanye West||23||Good Life||5||Graduation||
50 told me, "Go 'head, switch the style up||Verse 1||Kanye West||24||Good Life||5||Graduation||
And if they hate then let 'em hate and watch the money pile up"||Verse 1||Kanye West||25||Good Life||5||Graduation||
The good life||Verse 1||Kanye West||26||Good Life||5||Graduation||
Now I, I go for mine, I got to shine||Chorus||Kanye West & T-Pain||27||Good Life||5||Graduation||
(Now throw yo' hands up in the sky)||Chorus||Kanye West & T-Pain||28||Good Life||5||Graduation||
Now I, I go for mine, I got to shine||Chorus||Kanye West & T-Pain||29||Good Life||5||Graduation||
(Now throw yo' hands up in the sky)||Chorus||Kanye West & T-Pain||30||Good Life||5||Graduation||
(I'ma get on this TV momma, I'ma)||Chorus||Kanye West & T-Pain||31||Good Life||5||Graduation||
(I'ma put shit down)||Chorus||Kanye West & T-Pain||32||Good Life||5||Graduation||
Ayy (Ayy), ayy (Ayy)||Chorus||Kanye West & T-Pain||33||Good Life||5||Graduation||
Ayy (Ayy), ayy (I'm good)||Chorus||Kanye West & T-Pain||34||Good Life||5||Graduation||
Welcome to the good life!||Verse 2||Kanye West & (T-Pain)||35||Good Life||5||Graduation||
Where we like the girls who ain't on TV||Verse 2||Kanye West & (T-Pain)||36||Good Life||5||Graduation||
'Cause they got mo' (Ass than the models)||Verse 2||Kanye West & (T-Pain)||37||Good Life||5||Graduation||
The good life, so keep it comin' with the bottles||Verse 2||Kanye West & (T-Pain)||38||Good Life||5||Graduation||
'Cause she feel booze like she bombed at Apollo||Verse 2||Kanye West & (T-Pain)||39||Good Life||5||Graduation||
The good life, it feel like Houston||Verse 2||Kanye West & (T-Pain)||40||Good Life||5||Graduation||
It feel like Philly, it feel like D.C||Verse 2||Kanye West & (T-Pain)||41||Good Life||5||Graduation||
It feel like VA or the Bay or Yay||Verse 2||Kanye West & (T-Pain)||42||Good Life||5||Graduation||
Ayy, this is the good life (Welcome to the good life)||Verse 2||Kanye West & (T-Pain)||43||Good Life||5||Graduation||
Homie, tell me what's good||Verse 2||Kanye West & (T-Pain)||44||Good Life||5||Graduation||
Why I only got a problem when you in the hood (Welcome to the good life)||Verse 2||Kanye West & (T-Pain)||45||Good Life||5||Graduation||
Like I'm new in the hood||Verse 2||Kanye West & (T-Pain)||46||Good Life||5||Graduation||
The only thing I wish, I wish a nigga would (Welcome to the good life!)||Verse 2||Kanye West & (T-Pain)||47||Good Life||5||Graduation||
He probably think he could||Verse 2||Kanye West & (T-Pain)||48||Good Life||5||Graduation||
But, but, I don't think he should (Welcome to the good life)||Verse 2||Kanye West & (T-Pain)||49||Good Life||5||Graduation||
50 told me, "Go 'head, switch the style up||Verse 2||Kanye West & (T-Pain)||50||Good Life||5||Graduation||
And if they hate then let 'em hate and watch the money pile up"||Verse 2||Kanye West & (T-Pain)||51||Good Life||5||Graduation||
The good life||Verse 2||Kanye West & (T-Pain)||52||Good Life||5||Graduation||
Now I, I go for mine, I gots to shine||Chorus||Kanye West & T-Pain||53||Good Life||5||Graduation||
(Now throw yo' hands up in the sky)||Chorus||Kanye West & T-Pain||54||Good Life||5||Graduation||
Now I, I go for mine, I gots to shine||Chorus||Kanye West & T-Pain||55||Good Life||5||Graduation||
(Now throw yo' hands up in the sky)||Chorus||Kanye West & T-Pain||56||Good Life||5||Graduation||
I'ma get on the TV momma, I'ma||Chorus||Kanye West & T-Pain||57||Good Life||5||Graduation||
I'ma put shit down||Chorus||Kanye West & T-Pain||58||Good Life||5||Graduation||
(Ayy) ayy (Ayy), ayy||Chorus||Kanye West & T-Pain||59||Good Life||5||Graduation||
(Ayy) ayy (Ayy), I'm good||Chorus||Kanye West & T-Pain||60||Good Life||5||Graduation||
Have you ever popped champagne on a plane, while gettin' some brain||Verse 3||Kanye West||61||Good Life||5||Graduation||
Whipped it out, she said "I never seen Snakes on a Plane"||Verse 3||Kanye West||62||Good Life||5||Graduation||
Whether you broke or rich you gotta get this||Verse 3||Kanye West||63||Good Life||5||Graduation||
Havin' money's not everything, not havin' it is||Verse 3||Kanye West||64||Good Life||5||Graduation||
I was splurgin' on Tryst, but when I get my card back||Verse 3||Kanye West||65||Good Life||5||Graduation||
Activated, I'm back to Vegas||Verse 3||Kanye West||66||Good Life||5||Graduation||
'Cause (The good life) I always had a passion for flashin'||Verse 3||Kanye West||67||Good Life||5||Graduation||
Befo' I had it, I closed my eyes and imagined the good life||Verse 3||Kanye West||68||Good Life||5||Graduation||
Better than the life I lived||Outro||T-Pain||69||Good Life||5||Graduation||
When I thought that I was gonna go crazy||Outro||T-Pain||70||Good Life||5||Graduation||
And now my grandmomma||Outro||T-Pain||71||Good Life||5||Graduation||
Ain't the only girl callin' me "baby"||Outro||T-Pain||72||Good Life||5||Graduation||
If you feelin' me now||Outro||T-Pain||73||Good Life||5||Graduation||
Then put yo hands up in the sky, and let me hear you say||Outro||T-Pain||74||Good Life||5||Graduation||
Hey, hey, ooh I'm good!||Outro||T-Pain||75||Good Life||5||Graduation||
It's what you all been waiting for, ain't it?||Verse 1||Kanye West||1||Barry Bonds||7||Graduation||
What people pay paper for, damn it||Verse 1||Kanye West||2||Barry Bonds||7||Graduation||
They can't stand it, they want something new||Verse 1||Kanye West||3||Barry Bonds||7||Graduation||
So let's get reacquainted, became the hood favorite||Verse 1||Kanye West||4||Barry Bonds||7||Graduation||
I can't even explain it, I surprise myself too||Verse 1||Kanye West||5||Barry Bonds||7||Graduation||
Life of a Don, lights keep glowin'||Chorus||Kanye West||6||Barry Bonds||7||Graduation||
Comin' in the club wit' that fresh shit on||Chorus||Kanye West||7||Barry Bonds||7||Graduation||
Wit' somethin' crazy on my arm, uh-huh-hum||Chorus||Kanye West||8||Barry Bonds||7||Graduation||
And here's another hit, Barry Bonds||Chorus||Kanye West||9||Barry Bonds||7||Graduation||
We outta here, baby! We outta here, baby!||Refrain||Kanye West||10||Barry Bonds||7||Graduation||
We outta here, baby!||Refrain||Kanye West||11||Barry Bonds||7||Graduation||
Dude! Fresh off the plane—Konnichiwa, bitches||Verse 2||Kanye West||12||Barry Bonds||7||Graduation||
Turn around another plane, my passport on pivot||Verse 2||Kanye West||13||Barry Bonds||7||Graduation||
Ask for it, I did it—that asshole done did it||Verse 2||Kanye West||14||Barry Bonds||7||Graduation||
Talked it, then he lived it, spit it, then he shit it||Verse 2||Kanye West||15||Barry Bonds||7||Graduation||
I don't need writērs, I might bounce ideas||Verse 2||Kanye West||16||Barry Bonds||7||Graduation||
But only I could come up with some shit like this||Verse 2||Kanye West||17||Barry Bonds||7||Graduation||
I done played the underdog my whole career||Verse 2||Kanye West||18||Barry Bonds||7||Graduation||
I've been a very good sport, haven't I, this year?||Verse 2||Kanye West||19||Barry Bonds||7||Graduation||
They say, "He goin' crazy and we seen this before"||Verse 2||Kanye West||20||Barry Bonds||7||Graduation||
But I'm doing pretty good as far as geniuses go||Verse 2||Kanye West||21||Barry Bonds||7||Graduation||
And I'm doing pretty hood in my pink polo||Verse 2||Kanye West||22||Barry Bonds||7||Graduation||
Nigga, please, how you gon' say I ain't no Lo-head?||Verse 2||Kanye West||23||Barry Bonds||7||Graduation||
'Cause my Dior got me more model head?||Verse 2||Kanye West||24||Barry Bonds||7||Graduation||
I'm insulted, you should go 'head||Verse 2||Kanye West||25||Barry Bonds||7||Graduation||
And bow so hard 'til your knees hit your forehead||Verse 2||Kanye West||26||Barry Bonds||7||Graduation||
And the flow just hit code red||Verse 2||Kanye West||27||Barry Bonds||7||Graduation||
Top five MCs, you ain't gotta remind me||Verse 2||Kanye West||28||Barry Bonds||7||Graduation||
Top five MCs, you gotta rewind me||Verse 2||Kanye West||29||Barry Bonds||7||Graduation||
I'm high up on the line, you could get behind me||Verse 2||Kanye West||30||Barry Bonds||7||Graduation||
But my head's so big, you can't sit behind me||Verse 2||Kanye West||31||Barry Bonds||7||Graduation||
Life of a Don, lights keep glowin'||Chorus||Kanye West||32||Barry Bonds||7||Graduation||
Comin' in the club wit' that fresh shit on||Chorus||Kanye West||33||Barry Bonds||7||Graduation||
Wit' somethin' crazy on my arm, uh-huh-hum||Chorus||Kanye West||34||Barry Bonds||7||Graduation||
And here's another hit, Barry Bonds||Chorus||Kanye West||35||Barry Bonds||7||Graduation||
Yeah, yeah, we outta here, baby!||Refrain||Lil Wayne||36||Barry Bonds||7||Graduation||
What? What? We outta here, baby!||Refrain||Lil Wayne||37||Barry Bonds||7||Graduation||
Ayy, Mr. West, we so outta here, baby!||Refrain||Lil Wayne||38||Barry Bonds||7||Graduation||
And me? I'm Mr. Weezy Baby, yeah!||Refrain||Lil Wayne||39||Barry Bonds||7||Graduation||
I'm so bright, not shady||Verse 3||Lil Wayne||40||Barry Bonds||7||Graduation||
My teeth and my ice so white like Shady||Verse 3||Lil Wayne||41||Barry Bonds||7||Graduation||
Ice in my teeth so refrigerated||Verse 3||Lil Wayne||42||Barry Bonds||7||Graduation||
I'm so fuckin' good like I'm sleepin' with Meagan (Ha!)||Verse 3||Lil Wayne||43||Barry Bonds||7||Graduation||
I'm all about my Franklins, Lincolns, and Reagans||Verse 3||Lil Wayne||44||Barry Bonds||7||Graduation||
Whenever they make them, I shall hayve them||Verse 3||Lil Wayne||45||Barry Bonds||7||Graduation||
Oops, I meant "have them"—I'm so crazy||Verse 3||Lil Wayne||46||Barry Bonds||7||Graduation||
But if you play crazy, you be sleeping with daisies||Verse 3||Lil Wayne||47||Barry Bonds||7||Graduation||
I'm such a hayvoc—oops, I meant "havoc"||Verse 3||Lil Wayne||48||Barry Bonds||7||Graduation||
And my drink's still pinker than the Easter rabbit||Verse 3||Lil Wayne||49||Barry Bonds||7||Graduation||
And I'm still col' like Keyshia's family||Verse 3||Lil Wayne||50||Barry Bonds||7||Graduation||
Stove on my waist turn beef to patties (Bow!)||Verse 3||Lil Wayne||51||Barry Bonds||7||Graduation||
And I ate it 'cause I'm so avid (No homo)||Verse 3||Lil Wayne||52||Barry Bonds||7||Graduation||
And I don't front and I don't go backwards||Verse 3||Lil Wayne||53||Barry Bonds||7||Graduation||
And I don't practice, and I don't lack shit||Verse 3||Lil Wayne||54||Barry Bonds||7||Graduation||
And you can get buried—suck my bat, bitch (ha!)||Verse 3||Lil Wayne||55||Barry Bonds||7||Graduation||
We outta here, baby!||Refrain||Kanye West & Lil Wayne||56||Barry Bonds||7||Graduation||
We outta here, baby!||Refrain||Kanye West & Lil Wayne||57||Barry Bonds||7||Graduation||
We outta here, baby!||Refrain||Kanye West & Lil Wayne||58||Barry Bonds||7||Graduation||
Swag at a hundred and climbin', baby, yeah!||Refrain||Kanye West & Lil Wayne||59||Barry Bonds||7||Graduation||
Life of a Don, lights keep glowin'||Chorus||Lil Wayne||60||Barry Bonds||7||Graduation||
Comin' in the club wit' that fresh shit on||Chorus||Lil Wayne||61||Barry Bonds||7||Graduation||
Wit' somethin' crazy on my arm, uh-huh-hum||Chorus||Lil Wayne||62||Barry Bonds||7||Graduation||
And here's another hit, Barry Bonds||Chorus||Lil Wayne||63||Barry Bonds||7||Graduation||
La-da-da da-da da-da da-da da-da da||Intro||Mos Def||1||Drunk and Hot Girls||8||Graduation||
Blap!||Intro||Mos Def||2||Drunk and Hot Girls||8||Graduation||
We go through too much bullshit||Hook||Kanye West||3||Drunk and Hot Girls||8||Graduation||
Just to mess with these drunk and hot girls||Hook||Kanye West||4||Drunk and Hot Girls||8||Graduation||
We go through too much bullshit||Hook||Kanye West||5||Drunk and Hot Girls||8||Graduation||
Just to mess with these drunk and hot girls||Hook||Kanye West||6||Drunk and Hot Girls||8||Graduation||
We go||Hook||Kanye West||7||Drunk and Hot Girls||8||Graduation||
Through too||Hook||Kanye West||8||Drunk and Hot Girls||8||Graduation||
Much shit||Hook||Kanye West||9||Drunk and Hot Girls||8||Graduation||
To mess||Hook||Kanye West||10||Drunk and Hot Girls||8||Graduation||
Mess with||Hook||Kanye West||11||Drunk and Hot Girls||8||Graduation||
These drunk||Hook||Kanye West||12||Drunk and Hot Girls||8||Graduation||
All of these drunk and hot girls||Hook||Kanye West||13||Drunk and Hot Girls||8||Graduation||
Driving around town looking for the best spot||Verse 1||Kanye West||14||Drunk and Hot Girls||8||Graduation||
For the drunk and hot girls||Verse 1||Kanye West||15||Drunk and Hot Girls||8||Graduation||
Up in the club look at here what we got||Verse 1||Kanye West||16||Drunk and Hot Girls||8||Graduation||
Some drunk and hot girls||Verse 1||Kanye West||17||Drunk and Hot Girls||8||Graduation||
Stop dancing with your girlfriend and come dance with me||Verse 1||Kanye West||18||Drunk and Hot Girls||8||Graduation||
Stop talking 'bout your boyfriend since he is not me||Verse 1||Kanye West||19||Drunk and Hot Girls||8||Graduation||
Stop running up my tab 'cause these drinks is not free||Verse 1||Kanye West||20||Drunk and Hot Girls||8||Graduation||
You drunk and hot girl||Verse 1||Kanye West||21||Drunk and Hot Girls||8||Graduation||
We go through too much bullshit||Hook||Kanye West||22||Drunk and Hot Girls||8||Graduation||
Just to mess with these drunk and hot girls||Hook||Kanye West||23||Drunk and Hot Girls||8||Graduation||
We go through too much bullshit||Hook||Kanye West||24||Drunk and Hot Girls||8||Graduation||
Just to mess with these drunk and hot girls||Hook||Kanye West||25||Drunk and Hot Girls||8||Graduation||
We go||Hook||Kanye West||26||Drunk and Hot Girls||8||Graduation||
Through too||Hook||Kanye West||27||Drunk and Hot Girls||8||Graduation||
Much shit||Hook||Kanye West||28||Drunk and Hot Girls||8||Graduation||
To mess||Hook||Kanye West||29||Drunk and Hot Girls||8||Graduation||
Mess with||Hook||Kanye West||30||Drunk and Hot Girls||8||Graduation||
These drunk||Hook||Kanye West||31||Drunk and Hot Girls||8||Graduation||
All of these drunk and hot girls||Hook||Kanye West||32||Drunk and Hot Girls||8||Graduation||
I don't want to drop your friends off, I just want you||Verse 2||Kanye West||33||Drunk and Hot Girls||8||Graduation||
You drunk and hot girl||Verse 2||Kanye West||34||Drunk and Hot Girls||8||Graduation||
You want to sit down but we hit the drive-thru||Verse 2||Kanye West||35||Drunk and Hot Girls||8||Graduation||
You drunk and hot girl||Verse 2||Kanye West||36||Drunk and Hot Girls||8||Graduation||
Please don't fall asleep, baby, we almost back||Verse 2||Kanye West||37||Drunk and Hot Girls||8||Graduation||
Please don't throw up in the car, we almost crashed||Verse 2||Kanye West||38||Drunk and Hot Girls||8||Graduation||
Oh, now you sober, how'd I know you'd say that||Verse 2||Kanye West||39||Drunk and Hot Girls||8||Graduation||
You drunk and hot girl||Verse 2||Kanye West||40||Drunk and Hot Girls||8||Graduation||
We go through too much bullshit||Hook||Kanye West||41||Drunk and Hot Girls||8||Graduation||
Just to mess with these drunk and hot girls||Hook||Kanye West||42||Drunk and Hot Girls||8||Graduation||
We go through too much bullshit||Hook||Kanye West||43||Drunk and Hot Girls||8||Graduation||
Just to mess with these drunk and hot girls||Hook||Kanye West||44||Drunk and Hot Girls||8||Graduation||
We go||Hook||Kanye West||45||Drunk and Hot Girls||8||Graduation||
Through too||Hook||Kanye West||46||Drunk and Hot Girls||8||Graduation||
Much shit||Hook||Kanye West||47||Drunk and Hot Girls||8||Graduation||
To mess||Hook||Kanye West||48||Drunk and Hot Girls||8||Graduation||
Mess with||Hook||Kanye West||49||Drunk and Hot Girls||8||Graduation||
These drunk||Hook||Kanye West||50||Drunk and Hot Girls||8||Graduation||
All of these drunk and hot girls||Hook||Kanye West||51||Drunk and Hot Girls||8||Graduation||
Love the dangerous necessity that people seek||Bridge||Mos Def||52||Drunk and Hot Girls||8||Graduation||
Without regard to where they are||Bridge||Mos Def||53||Drunk and Hot Girls||8||Graduation||
The human heart is curious||Bridge||Mos Def||54||Drunk and Hot Girls||8||Graduation||
Above all things, love, the lights are low, your eyes are bright||Bridge||Mos Def||55||Drunk and Hot Girls||8||Graduation||
The music plays, it's sweet delight||Bridge||Mos Def||56||Drunk and Hot Girls||8||Graduation||
It's out of sight, I'm feeling right||Bridge||Mos Def||57||Drunk and Hot Girls||8||Graduation||
Your dress is tight||Bridge||Mos Def||58||Drunk and Hot Girls||8||Graduation||
Oh how, I want you right now||Bridge||Mos Def||59||Drunk and Hot Girls||8||Graduation||
Don't tell me, you sing, you about to get a deal||Verse 3||Kanye West  with Mos Def||60||Drunk and Hot Girls||8||Graduation||
You drunk and hot girl||Verse 3||Kanye West  with Mos Def||61||Drunk and Hot Girls||8||Graduation||
"Ah da da da da," That's how the fuck you sound||Verse 3||Kanye West  with Mos Def||62||Drunk and Hot Girls||8||Graduation||
You drunk and hot girl, yeah||Verse 3||Kanye West  with Mos Def||63||Drunk and Hot Girls||8||Graduation||
You only live once, do whatever you like||Verse 3||Kanye West  with Mos Def||64||Drunk and Hot Girls||8||Graduation||
I thought I'd be with you for only one night||Verse 3||Kanye West  with Mos Def||65||Drunk and Hot Girls||8||Graduation||
Now I'm with this girl for the rest of my life||Verse 3||Kanye West  with Mos Def||66||Drunk and Hot Girls||8||Graduation||
That drunk and hot girl||Verse 3||Kanye West  with Mos Def||67||Drunk and Hot Girls||8||Graduation||
We go through too much bullshit just to mess with these drunk and hot girls||Hook||Kanye West with Mos Def||68||Drunk and Hot Girls||8||Graduation||
(A little sippy sippy)||Hook||Kanye West with Mos Def||69||Drunk and Hot Girls||8||Graduation||
We gonna through too much bullshit just to mess with these drunk and hot girls||Hook||Kanye West with Mos Def||70||Drunk and Hot Girls||8||Graduation||
(Did she say she want a brewski?)||Hook||Kanye West with Mos Def||71||Drunk and Hot Girls||8||Graduation||
We go||Hook||Kanye West with Mos Def||72||Drunk and Hot Girls||8||Graduation||
Through too||Hook||Kanye West with Mos Def||73||Drunk and Hot Girls||8||Graduation||
Much shit||Hook||Kanye West with Mos Def||74||Drunk and Hot Girls||8||Graduation||
To mess||Hook||Kanye West with Mos Def||75||Drunk and Hot Girls||8||Graduation||
Mess with||Hook||Kanye West with Mos Def||76||Drunk and Hot Girls||8||Graduation||
These drunk||Hook||Kanye West with Mos Def||77||Drunk and Hot Girls||8||Graduation||
All of these drunk and hot girls||Hook||Kanye West with Mos Def||78||Drunk and Hot Girls||8||Graduation||
La-da-da da-da da-da da-da da-da da||Outro||Mos Def||79||Drunk and Hot Girls||8||Graduation||
Blap!||Outro||Mos Def||80||Drunk and Hot Girls||8||Graduation||
Flashing lights (lights, lights)||Intro||Kanye West||1||Flashing Lights||9||Graduation||
Flashing lights (lights, lights)||Intro||Kanye West||2||Flashing Lights||9||Graduation||
Flashing lights (lights, lights)||Intro||Kanye West||3||Flashing Lights||9||Graduation||
Flashing lights (lights, lights)||Intro||Kanye West||4||Flashing Lights||9||Graduation||
She don't believe in shootin' stars||Verse 1||Kanye West||5||Flashing Lights||9||Graduation||
But she believe in shoes and cars||Verse 1||Kanye West||6||Flashing Lights||9||Graduation||
Wood floors in the new apartment||Verse 1||Kanye West||7||Flashing Lights||9||Graduation||
Couture from the store's departments||Verse 1||Kanye West||8||Flashing Lights||9||Graduation||
You more like "love to start shit"||Verse 1||Kanye West||9||Flashing Lights||9||Graduation||
I'm more of the trips to Florida||Verse 1||Kanye West||10||Flashing Lights||9||Graduation||
Ordered the hors d'oeuvres, views of the water||Verse 1||Kanye West||11||Flashing Lights||9||Graduation||
Straight from a page of your favorite author||Verse 1||Kanye West||12||Flashing Lights||9||Graduation||
And the weather so breezy||Verse 1||Kanye West||13||Flashing Lights||9||Graduation||
Man, why can't life always be this easy?||Verse 1||Kanye West||14||Flashing Lights||9||Graduation||
She in the mirror dancin' so sleazy||Verse 1||Kanye West||15||Flashing Lights||9||Graduation||
I get a call like, "Where are you, Yeezy?"||Verse 1||Kanye West||16||Flashing Lights||9||Graduation||
And try to hit you with the ol-wu-wopte||Verse 1||Kanye West||17||Flashing Lights||9||Graduation||
'Til I got flashed by the paparazzi||Verse 1||Kanye West||18||Flashing Lights||9||Graduation||
Damn, these niggas got me||Verse 1||Kanye West||19||Flashing Lights||9||Graduation||
I hate these niggas more than the Nazis||Verse 1||Kanye West||20||Flashing Lights||9||Graduation||
As I recall, I know you love to show off||Hook||Dwele||21||Flashing Lights||9||Graduation||
But I never thought that you would take it this far||Hook||Dwele||22||Flashing Lights||9||Graduation||
What do I know?||Hook||Dwele||23||Flashing Lights||9||Graduation||
Flashing lights (lights, lights)||Hook||Dwele||24||Flashing Lights||9||Graduation||
What do I know? Know||Hook||Dwele||25||Flashing Lights||9||Graduation||
Flashing lights (lights, lights)||Hook||Dwele||26||Flashing Lights||9||Graduation||
I know it's been a while, sweetheart||Verse 2||Kanye West||27||Flashing Lights||9||Graduation||
We hardly talk, I was doin' my thang||Verse 2||Kanye West||28||Flashing Lights||9||Graduation||
I know I was foul, baby||Verse 2||Kanye West||29||Flashing Lights||9||Graduation||
Aye, babe, lately, you've been all on my brain||Verse 2||Kanye West||30||Flashing Lights||9||Graduation||
And if somebody woulda told me a month ago||Verse 2||Kanye West||31||Flashing Lights||9||Graduation||
Frontin', though, yo, I wouldn't wanna know||Verse 2||Kanye West||32||Flashing Lights||9||Graduation||
If somebody woulda told me a year ago||Verse 2||Kanye West||33||Flashing Lights||9||Graduation||
It'll go get this difficult||Verse 2||Kanye West||34||Flashing Lights||9||Graduation||
Feelin' like Katrina with no FEMA||Verse 2||Kanye West||35||Flashing Lights||9||Graduation||
Like Martin with no Gina||Verse 2||Kanye West||36||Flashing Lights||9||Graduation||
Like a flight with no Visa||Verse 2||Kanye West||37||Flashing Lights||9||Graduation||
First class with the seat back, I still see ya||Verse 2||Kanye West||38||Flashing Lights||9||Graduation||
In my past, you on the other side of the glass||Verse 2||Kanye West||39||Flashing Lights||9||Graduation||
Of my memory's museum||Verse 2||Kanye West||40||Flashing Lights||9||Graduation||
I'm just sayin', hey, Mona Lisa||Verse 2||Kanye West||41||Flashing Lights||9||Graduation||
Come home, you know you can't roam without Caesar||Verse 2||Kanye West||42||Flashing Lights||9||Graduation||
As I recall, I know you love to show off||Hook||Dwele||43||Flashing Lights||9||Graduation||
But I never thought that you would take it this far||Hook||Dwele||44||Flashing Lights||9||Graduation||
What do I know?||Hook||Dwele||45||Flashing Lights||9||Graduation||
Flashing lights (lights, lights)||Hook||Dwele||46||Flashing Lights||9||Graduation||
What do I know? Know||Hook||Dwele||47||Flashing Lights||9||Graduation||
Flashing lights (lights, lights)||Hook||Dwele||48||Flashing Lights||9||Graduation||
As you recall, you know I love to show off||Outro||Dwele||49||Flashing Lights||9||Graduation||
But you never thought that I would take it this far||Outro||Dwele||50||Flashing Lights||9||Graduation||
What do you know?||Outro||Dwele||51||Flashing Lights||9||Graduation||
Flashing lights, lights, lights||Outro||Dwele||52||Flashing Lights||9||Graduation||
What do you know? Know||Outro||Dwele||53||Flashing Lights||9||Graduation||
Flashing lights (lights, lights)||Outro||Dwele||54||Flashing Lights||9||Graduation||
Flashing lights (lights, lights, lights, lights…)||Outro||Dwele||55||Flashing Lights||9||Graduation||
Damn, here we go again||Intro||Kanye West||1||Everything I Am||10||Graduation||
Common passed on this beat, I made it to a jam||Intro||Kanye West||2||Everything I Am||10||Graduation||
Now everything I'm not made me everything I am||Intro||Kanye West||3||Everything I Am||10||Graduation||
Damn, here we go again||Intro||Kanye West||4||Everything I Am||10||Graduation||
People talking shit, but when the shit hit the fan||Intro||Kanye West||5||Everything I Am||10||Graduation||
Everything I'm not made me everything I am||Intro||Kanye West||6||Everything I Am||10||Graduation||
I'll never be picture-perfect Beyoncé||Intro||Kanye West||7||Everything I Am||10||Graduation||
Be light as Al B or black as Chauncey||Intro||Kanye West||8||Everything I Am||10||Graduation||
Remember him from Blackstreet? He was black as the street was||Intro||Kanye West||9||Everything I Am||10||Graduation||
I'll never be laid back as this beat was||Intro||Kanye West||10||Everything I Am||10||Graduation||
I never could see why people'll reach a||Intro||Kanye West||11||Everything I Am||10||Graduation||
Fake-ass facade that they couldn't keep up||Intro||Kanye West||12||Everything I Am||10||Graduation||
You see how I creeped up?||Intro||Kanye West||13||Everything I Am||10||Graduation||
You see how I played a big role in Chicago like Queen Latifah?||Intro||Kanye West||14||Everything I Am||10||Graduation||
I'll never rock a mink coat in the winter time like Killa Cam||Intro||Kanye West||15||Everything I Am||10||Graduation||
Or rock some mink boots in the summertime like will.i.am||Intro||Kanye West||16||Everything I Am||10||Graduation||
Let me know if you feel it, man||Intro||Kanye West||17||Everything I Am||10||Graduation||
'Cause everything I'm not made me everything I am||Intro||Kanye West||18||Everything I Am||10||Graduation||
Damn, here we go again||Intro||Kanye West||19||Everything I Am||10||Graduation||
Everybody saying what's not for him||Intro||Kanye West||20||Everything I Am||10||Graduation||
But everything I'm not made me everything I am||Intro||Kanye West||21||Everything I Am||10||Graduation||
Damn, here we go again||Intro||Kanye West||22||Everything I Am||10||Graduation||
People talking shit, but when the shit hit the fan||Intro||Kanye West||23||Everything I Am||10||Graduation||
Everything I'm not made me everything I am||Intro||Kanye West||24||Everything I Am||10||Graduation||
And I'm back to tear it up||Intro||Kanye West||25||Everything I Am||10||Graduation||
Haters start your engines, I hear 'em gearing up||Intro||Kanye West||26||Everything I Am||10||Graduation||
People talk so much shit about me at barbershops||Intro||Kanye West||27||Everything I Am||10||Graduation||
They forget to get their hair cut||Intro||Kanye West||28||Everything I Am||10||Graduation||
Okay, fair enough, the streets is flaring up||Intro||Kanye West||29||Everything I Am||10||Graduation||
'Cause they want gun talk, or I don't wear enough||Intro||Kanye West||30||Everything I Am||10||Graduation||
Baggy clothes, Reeboks, or A-di-dos||Intro||Kanye West||31||Everything I Am||10||Graduation||
Can I add that he do spaz out at his shows||Intro||Kanye West||32||Everything I Am||10||Graduation||
So say goodbye to the NAACP Award||Intro||Kanye West||33||Everything I Am||10||Graduation||
Goodbye to the India Arie Award||Intro||Kanye West||34||Everything I Am||10||Graduation||
They'd rather give me the N-nigga Please Award||Intro||Kanye West||35||Everything I Am||10||Graduation||
But I'll just take the I Got a Lot of Cheese Award||Intro||Kanye West||36||Everything I Am||10||Graduation||
Damn, here we go again||Intro||Kanye West||37||Everything I Am||10||Graduation||
Bum-tu-bum-bum-bum||Intro||Kanye West||38||Everything I Am||10||Graduation||
But everything I'm not made me everything I am||Intro||Kanye West||39||Everything I Am||10||Graduation||
Damn, here we go again||Intro||Kanye West||40||Everything I Am||10||Graduation||
People talking shit, but when the shit hit the fan||Intro||Kanye West||41||Everything I Am||10||Graduation||
Everything I'm not made me everything I am||Intro||Kanye West||42||Everything I Am||10||Graduation||
I know people wouldn't usually rap this||Intro||Kanye West||43||Everything I Am||10||Graduation||
But I got the facts to back this||Intro||Kanye West||44||Everything I Am||10||Graduation||
Just last year, Chicago had over 600 caskets||Intro||Kanye West||45||Everything I Am||10||Graduation||
Man, killing's some wack shit||Intro||Kanye West||46||Everything I Am||10||Graduation||
Oh, I forgot, 'cept for when niggas is rappin'||Intro||Kanye West||47||Everything I Am||10||Graduation||
Do you know what it feel like when people is passin'?||Intro||Kanye West||48||Everything I Am||10||Graduation||
He got changed over his chains a block off Ashland||Intro||Kanye West||49||Everything I Am||10||Graduation||
I need to talk to somebody, pastor||Intro||Kanye West||50||Everything I Am||10||Graduation||
The church want tithe, so I can't afford to pay||Intro||Kanye West||51||Everything I Am||10||Graduation||
Pink slip on my door, 'cause I can't afford to stay||Intro||Kanye West||52||Everything I Am||10||Graduation||
My fifteen seconds up, but I got more to say||Intro||Kanye West||53||Everything I Am||10||Graduation||
That's enough Mr. West, please, no more today||Intro||Kanye West||54||Everything I Am||10||Graduation||
Damn, here we go again||Intro||Kanye West||55||Everything I Am||10||Graduation||
Everybody saying what's not for him||Intro||Kanye West||56||Everything I Am||10||Graduation||
But everything I'm not made me everything I am||Intro||Kanye West||57||Everything I Am||10||Graduation||
Damn, here we go again||Intro||Kanye West||58||Everything I Am||10||Graduation||
People talking shit, but when the shit hit the fan||Intro||Kanye West||59||Everything I Am||10||Graduation||
Everything I'm not made me everything I am||Intro||Kanye West||60||Everything I Am||10||Graduation||
In my soul||Intro||Kanye West & Laura Nyro sample||1||The Glory||11||Graduation||
Gonna take you to the glory||Intro||Kanye West & Laura Nyro sample||2||The Glory||11||Graduation||
Goal, in my mind I can't study war, yeah my||Intro||Kanye West & Laura Nyro sample||3||The Glory||11||Graduation||
I can't study war, yeah my||Intro||Kanye West & Laura Nyro sample||4||The Glory||11||Graduation||
I can't study war, yeah my||Intro||Kanye West & Laura Nyro sample||5||The Glory||11||Graduation||
I can't study war, yeah my||Intro||Kanye West & Laura Nyro sample||6||The Glory||11||Graduation||
Now where the South Side||Chorus||Kanye West & Choir (with backing vocals from John Legend||7||The Glory||11||Graduation||
I can't study no, yeah my||Chorus||Kanye West & Choir (with backing vocals from John Legend||8||The Glory||11||Graduation||
I can't study no, yeah my||Chorus||Kanye West & Choir (with backing vocals from John Legend||9||The Glory||11||Graduation||
Now where the West Side||Chorus||Kanye West & Choir (with backing vocals from John Legend||10||The Glory||11||Graduation||
I can't study no, yeah my||Chorus||Kanye West & Choir (with backing vocals from John Legend||11||The Glory||11||Graduation||
I can't study no, yeah my||Chorus||Kanye West & Choir (with backing vocals from John Legend||12||The Glory||11||Graduation||
Can I talk my shit again?||Verse 1||Kanye West||13||The Glory||11||Graduation||
Even if I don't hit again?||Verse 1||Kanye West||14||The Glory||11||Graduation||
Dog, are you fucking kidding?||Verse 1||Kanye West||15||The Glory||11||Graduation||
My hat, my shoes, my coat||Verse 1||Kanye West||16||The Glory||11||Graduation||
Louis Vuitton stitch, with Donatella Versace||Verse 1||Kanye West||17||The Glory||11||Graduation||
That's Louis Vuitton, bitch||Verse 1||Kanye West||18||The Glory||11||Graduation||
I think Hennessy, I drink, I'm gone||Verse 1||Kanye West||19||The Glory||11||Graduation||
Off that Bacardi Limon and Corona. I'm zonin'||Verse 1||Kanye West||20||The Glory||11||Graduation||
Class back in session so I upped it a grade||Verse 1||Kanye West||21||The Glory||11||Graduation||
In two years Dwayne Wayne became Dwyane Wade||Verse 1||Kanye West||22||The Glory||11||Graduation||
And hey, please don't start me||Verse 1||Kanye West||23||The Glory||11||Graduation||
I'm like Gnarls Barkley meets Charles Barkley||Verse 1||Kanye West||24||The Glory||11||Graduation||
I'm pop the Barkers, I'm hood the Parkers||Verse 1||Kanye West||25||The Glory||11||Graduation||
While y'all was in limbo I raised the bar up||Verse 1||Kanye West||26||The Glory||11||Graduation||
I touched on everything||Verse 1||Kanye West||27||The Glory||11||Graduation||
Married to the game, rock a chain 'steada wedding ring||Verse 1||Kanye West||28||The Glory||11||Graduation||
Y'all bridesmaids catch the garter||Verse 1||Kanye West||29||The Glory||11||Graduation||
On nights when 'Ye romance||Verse 1||Kanye West||30||The Glory||11||Graduation||
Cameras flash so much||Verse 1||Kanye West||31||The Glory||11||Graduation||
That I gotta do that Yayo dance||Verse 1||Kanye West||32||The Glory||11||Graduation||
I'm on a world tour with Common, my man||Verse 1||Kanye West||33||The Glory||11||Graduation||
After each and every show a couple dykes in the van||Verse 1||Kanye West||34||The Glory||11||Graduation||
It's easy||Verse 1||Kanye West||35||The Glory||11||Graduation||
The hood love to listen to Jeezy and Weezy||Verse 1||Kanye West||36||The Glory||11||Graduation||
And, oh yeah, Yeezy||Verse 1||Kanye West||37||The Glory||11||Graduation||
I did it for the glory||Verse 1||Kanye West||38||The Glory||11||Graduation||
Yeah my||Chorus||Kanye West & Choir (with backing vocals from John Legend||39||The Glory||11||Graduation||
I can't study no, yeah my||Chorus||Kanye West & Choir (with backing vocals from John Legend||40||The Glory||11||Graduation||
I can't study no, yeah my||Chorus||Kanye West & Choir (with backing vocals from John Legend||41||The Glory||11||Graduation||
The glory||Chorus||Kanye West & Choir (with backing vocals from John Legend||42||The Glory||11||Graduation||
I can't study no, yeah my||Chorus||Kanye West & Choir (with backing vocals from John Legend||43||The Glory||11||Graduation||
I can't study no, yeah my||Chorus||Kanye West & Choir (with backing vocals from John Legend||44||The Glory||11||Graduation||
I did it for the glory||Chorus||Kanye West & Choir (with backing vocals from John Legend||45||The Glory||11||Graduation||
I can't study no, yeah my||Chorus||Kanye West & Choir (with backing vocals from John Legend||46||The Glory||11||Graduation||
I can't study no, yeah my||Chorus||Kanye West & Choir (with backing vocals from John Legend||47||The Glory||11||Graduation||
The glory||Chorus||Kanye West & Choir (with backing vocals from John Legend||48||The Glory||11||Graduation||
I can't study no, yeah my||Chorus||Kanye West & Choir (with backing vocals from John Legend||49||The Glory||11||Graduation||
I can't study no, yeah my||Chorus||Kanye West & Choir (with backing vocals from John Legend||50||The Glory||11||Graduation||
What am I supposed to do now?||Verse 2||Kanye West||51||The Glory||11||Graduation||
Man the game all messed up||Verse 2||Kanye West||52||The Glory||11||Graduation||
How I'm suppose to stand out when everybody get dressed up?||Verse 2||Kanye West||53||The Glory||11||Graduation||
So yeah, at the Grammys I went ultra Travolta||Verse 2||Kanye West||54||The Glory||11||Graduation||
Yeah that tuxedo might have been a little guido||Verse 2||Kanye West||55||The Glory||11||Graduation||
But with my ego||Verse 2||Kanye West||56||The Glory||11||Graduation||
I can stand there in a Speedo||Verse 2||Kanye West||57||The Glory||11||Graduation||
And be looked at like a fucking hero||Verse 2||Kanye West||58||The Glory||11||Graduation||
The glory, the story, the chain, the polo, the night||Verse 2||Kanye West||59||The Glory||11||Graduation||
The grind, the empty bottles of No-Doz||Verse 2||Kanye West||60||The Glory||11||Graduation||
Tank on empty, whipping my mamma's Volvo||Verse 2||Kanye West||61||The Glory||11||Graduation||
I spent that gas money on clothes with logos||Verse 2||Kanye West||62||The Glory||11||Graduation||
The fur is Hermes, shit that you don't floss||Verse 2||Kanye West||63||The Glory||11||Graduation||
The Goyard so hard man, I'm Hugo's boss||Verse 2||Kanye West||64||The Glory||11||Graduation||
Why I gotta ask what that TUDOR cost?||Verse 2||Kanye West||65||The Glory||11||Graduation||
House on the hill||Verse 2||Kanye West||66||The Glory||11||Graduation||
Two doors from Tracey Ross||Verse 2||Kanye West||67||The Glory||11||Graduation||
And I'm asking about her girlfriends||Verse 2||Kanye West||68||The Glory||11||Graduation||
Yeah, the dark skin'ed ones||Verse 2||Kanye West||69||The Glory||11||Graduation||
She asking about the speed boats yeah I admit we rented 'em||Verse 2||Kanye West||70||The Glory||11||Graduation||
When you meet me in person what do you feel like?||Verse 2||Kanye West||71||The Glory||11||Graduation||
I know, I know I look better in real life||Verse 2||Kanye West||72||The Glory||11||Graduation||
I hear people compare themselves to big a lot||Verse 2||Kanye West||73||The Glory||11||Graduation||
You know B.I.G. and Pac, you know to get it hot||Verse 2||Kanye West||74||The Glory||11||Graduation||
I guess after I live I wanna be compared to B.I.G||Verse 2||Kanye West||75||The Glory||11||Graduation||
Any one: Big Pun, Big L or Notorious||Verse 2||Kanye West||76||The Glory||11||Graduation||
'Till then, get money and stunt and stay glorious||Verse 2||Kanye West||77||The Glory||11||Graduation||
And I'm gonna stop killing these niggas soon as the chorus hit||Verse 2||Kanye West||78||The Glory||11||Graduation||
Yeah I'mma stop killing these niggas soon as the chorus hit||Verse 2||Kanye West||79||The Glory||11||Graduation||
These haters be killing themselves they wanna come and get the glory||Verse 2||Kanye West||80||The Glory||11||Graduation||
Yeah my||Chorus||Kanye West & Choir (with backing vocals from John Legend||81||The Glory||11||Graduation||
I can't study no, yeah my||Chorus||Kanye West & Choir (with backing vocals from John Legend||82||The Glory||11||Graduation||
I can't study no, yeah my||Chorus||Kanye West & Choir (with backing vocals from John Legend||83||The Glory||11||Graduation||
The glory||Chorus||Kanye West & Choir (with backing vocals from John Legend||84||The Glory||11||Graduation||
I can't study no, yeah my||Chorus||Kanye West & Choir (with backing vocals from John Legend||85||The Glory||11||Graduation||
I can't study no, yeah my||Chorus||Kanye West & Choir (with backing vocals from John Legend||86||The Glory||11||Graduation||
Now where the South Side||Chorus||Kanye West & Choir (with backing vocals from John Legend||87||The Glory||11||Graduation||
I can't study no, yeah my||Chorus||Kanye West & Choir (with backing vocals from John Legend||88||The Glory||11||Graduation||
I can't study no, yeah my||Chorus||Kanye West & Choir (with backing vocals from John Legend||89||The Glory||11||Graduation||
Now where the West Side||Chorus||Kanye West & Choir (with backing vocals from John Legend||90||The Glory||11||Graduation||
I can't study no, yeah my||Chorus||Kanye West & Choir (with backing vocals from John Legend||91||The Glory||11||Graduation||
I can't study no, yeah my||Chorus||Kanye West & Choir (with backing vocals from John Legend||92||The Glory||11||Graduation||
I can't study war, yeah my||Outro||Laura Nyro sample||93||The Glory||11||Graduation||
I can't study war, yeah my||Outro||Laura Nyro sample||94||The Glory||11||Graduation||
I can't study war, yeah my||Outro||Laura Nyro sample||95||The Glory||11||Graduation||
I can't study war, yeah my||Outro||Laura Nyro sample||96||The Glory||11||Graduation||
Yeah||Intro||Kanye West||1||Homecoming||12||Graduation||
And you say Chi city!||Intro||Kanye West||2||Homecoming||12||Graduation||
Chi city! Chi city!||Intro||Kanye West||3||Homecoming||12||Graduation||
I'm comin' home again||Chorus||Chris Martin & Kanye West||4||Homecoming||12||Graduation||
Do you think about me now and then? (Yeah)||Chorus||Chris Martin & Kanye West||5||Homecoming||12||Graduation||
Do you think about me now and then?||Chorus||Chris Martin & Kanye West||6||Homecoming||12||Graduation||
'Cause I'm comin' home again (Ow!)||Chorus||Chris Martin & Kanye West||7||Homecoming||12||Graduation||
-Min' home again||Chorus||Chris Martin & Kanye West||8||Homecoming||12||Graduation||
I met this girl when I was three years old||Verse 1||Kanye West||9||Homecoming||12||Graduation||
And what I loved most, she had so much soul||Verse 1||Kanye West||10||Homecoming||12||Graduation||
She said, "Excuse me, little homie, I know you don't know me||Verse 1||Kanye West||11||Homecoming||12||Graduation||
But my name is Windy and I like to blow trees."||Verse 1||Kanye West||12||Homecoming||12||Graduation||
And from that point, I never blow her off||Verse 1||Kanye West||13||Homecoming||12||Graduation||
Niggas come from out of town, I like to show her off||Verse 1||Kanye West||14||Homecoming||12||Graduation||
They like to act tough, she like to toe 'em off||Verse 1||Kanye West||15||Homecoming||12||Graduation||
And make 'em straighten up their hat 'cause she know they soft||Verse 1||Kanye West||16||Homecoming||12||Graduation||
And when I grew up, she showed me how to go downtown||Verse 1||Kanye West||17||Homecoming||12||Graduation||
In the nighttime, her face lit up, so astoundin'||Verse 1||Kanye West||18||Homecoming||12||Graduation||
I told her in my heart is where she'll always be||Verse 1||Kanye West||19||Homecoming||12||Graduation||
She never messed with entertainers 'cause they always leave||Verse 1||Kanye West||20||Homecoming||12||Graduation||
She said, "It felt like they walked and drove on me."||Verse 1||Kanye West||21||Homecoming||12||Graduation||
Knew I was gang affiliated, got on TV and told on me||Verse 1||Kanye West||22||Homecoming||12||Graduation||
I guess that's why last winter she got so cold on me||Verse 1||Kanye West||23||Homecoming||12||Graduation||
She said, "'Ye, keep makin' that, keep makin' that platinum and gold for me!"||Verse 1||Kanye West||24||Homecoming||12||Graduation||
I'm comin' home again||Chorus||Chris Martin||25||Homecoming||12||Graduation||
Do you think about me now and then?||Chorus||Chris Martin||26||Homecoming||12||Graduation||
Do you think about me now and then?||Chorus||Chris Martin||27||Homecoming||12||Graduation||
'Cause I'm comin' home again||Chorus||Chris Martin||28||Homecoming||12||Graduation||
-Min' home again||Chorus||Chris Martin||29||Homecoming||12||Graduation||
Do you think about me now and then?||Chorus||Chris Martin||30||Homecoming||12||Graduation||
Do you think about me now and then? Oh!||Chorus||Chris Martin||31||Homecoming||12||Graduation||
Now I'm comin' home again||Chorus||Chris Martin||32||Homecoming||12||Graduation||
Maybe we can start again||Chorus||Chris Martin||33||Homecoming||12||Graduation||
But if you really cared for her||Verse 2||Kanye West||34||Homecoming||12||Graduation||
Then you wouldn't've never hit the airport to follow your dreams||Verse 2||Kanye West||35||Homecoming||12||Graduation||
Sometimes I still talk to her||Verse 2||Kanye West||36||Homecoming||12||Graduation||
But when I talk to her, it always seems like she talkin' 'bout me||Verse 2||Kanye West||37||Homecoming||12||Graduation||
She said, "You left your kids, and they just like you||Verse 2||Kanye West||38||Homecoming||12||Graduation||
They wanna rap and make soul beats just like you||Verse 2||Kanye West||39||Homecoming||12||Graduation||
But they just not you," and I just got through||Verse 2||Kanye West||40||Homecoming||12||Graduation||
Talkin' 'bout what niggas tryin' to do: just not new||Verse 2||Kanye West||41||Homecoming||12||Graduation||
Now everybody got the game figured out all wrong||Verse 2||Kanye West||42||Homecoming||12||Graduation||
I guess you never know what you got 'til it's gone||Verse 2||Kanye West||43||Homecoming||12||Graduation||
I guess that's why I'm here and I can't come back home||Verse 2||Kanye West||44||Homecoming||12||Graduation||
And guess when I heard that? When I was back home||Verse 2||Kanye West||45||Homecoming||12||Graduation||
Every interview, I'm representin' you, makin' you proud||Verse 2||Kanye West||46||Homecoming||12||Graduation||
Reach for the stars, so if you fall, you land on a cloud||Verse 2||Kanye West||47||Homecoming||12||Graduation||
Jump in the crowd, spark your lighters, wave 'em around||Verse 2||Kanye West||48||Homecoming||12||Graduation||
If you don't know by now, I'm talkin' 'bout Chi-Town||Verse 2||Kanye West||49||Homecoming||12||Graduation||
I'm comin' home again||Chorus||Chris Martin||50||Homecoming||12||Graduation||
Do you think about me now and then?||Chorus||Chris Martin||51||Homecoming||12||Graduation||
Do you think about me now and then?||Chorus||Chris Martin||52||Homecoming||12||Graduation||
'Cause I'm comin' home again||Chorus||Chris Martin||53||Homecoming||12||Graduation||
-Min' home again||Chorus||Chris Martin||54||Homecoming||12||Graduation||
Baby, do you remember when||Chorus||Chris Martin||55||Homecoming||12||Graduation||
Fireworks at Lake Michigan? Oh!||Chorus||Chris Martin||56||Homecoming||12||Graduation||
Now I'm comin' home again||Chorus||Chris Martin||57||Homecoming||12||Graduation||
-Min' home again||Chorus||Chris Martin||58||Homecoming||12||Graduation||
Baby, do you remember when||Chorus||Chris Martin||59||Homecoming||12||Graduation||
Fireworks at Lake Michigan? Oh!||Chorus||Chris Martin||60||Homecoming||12||Graduation||
Now I'm comin' home again||Chorus||Chris Martin||61||Homecoming||12||Graduation||
Maybe we can start again||Chorus||Chris Martin||62||Homecoming||12||Graduation||
Loy-oy-al, loy-oy-al||Outro||Chris Martin||63||Homecoming||12||Graduation||
Comin' home again||Outro||Chris Martin||64||Homecoming||12||Graduation||
Loy-oy-al, loy-oy-al||Outro||Chris Martin||65||Homecoming||12||Graduation||
Comin' home again||Outro||Chris Martin||66||Homecoming||12||Graduation||
Maybe we can start again||Outro||Chris Martin||67||Homecoming||12||Graduation||
Stadium status||Intro||Kanye West||1||Big Brother||13||Graduation||
My big brother was B.I.G.'s brother||Intro||Kanye West||2||Big Brother||13||Graduation||
Used to be Dame and Biggs' brother||Intro||Kanye West||3||Big Brother||13||Graduation||
Who was Hip Hop brother, who was No I.D. friend||Intro||Kanye West||4||Big Brother||13||Graduation||
No I.D. my mentor, now let the story begin||Intro||Kanye West||5||Big Brother||13||Graduation||
It's the Hard Knock Life Tour, sellout||Intro||Kanye West||6||Big Brother||13||Graduation||
Picture us in the mall, coppin' Iceberg and yell out "Jigga"||Intro||Kanye West||7||Big Brother||13||Graduation||
Yeah, that's what we'll yell out, yell out||Intro||Kanye West||8||Big Brother||13||Graduation||
You know the name do I gotta spell out or tell 'bout||Intro||Kanye West||9||Big Brother||13||Graduation||
J-A-Y, and 'Ye so shy||Intro||Kanye West||10||Big Brother||13||Graduation||
Now he won't even step to his idol to say hi||Intro||Kanye West||11||Big Brother||13||Graduation||
Standing there like a mime and let the chance pass by||Intro||Kanye West||12||Big Brother||13||Graduation||
Back of my mind, "He could change your life||Intro||Kanye West||13||Big Brother||13||Graduation||
With all these beats I did, at least let him hear it||Intro||Kanye West||14||Big Brother||13||Graduation||
At least you can brag to ya friends back at the gig"||Intro||Kanye West||15||Big Brother||13||Graduation||
But he got me out my momma crib||Intro||Kanye West||16||Big Brother||13||Graduation||
Then he help me get my momma a crib||Intro||Kanye West||17||Big Brother||13||Graduation||
Big brother was B.I.G.'s brother||Intro||Kanye West||18||Big Brother||13||Graduation||
Used to be Dame and Biggs' brother||Intro||Kanye West||19||Big Brother||13||Graduation||
Who was Hip Hop brother, who was No I.D. friend||Intro||Kanye West||20||Big Brother||13||Graduation||
No I.D. my mentor, now let the story begin, begin||Intro||Kanye West||21||Big Brother||13||Graduation||
Let the story begin||Intro||Kanye West||22||Big Brother||13||Graduation||
If you feel the way I feel why don't you wave your hands?||Intro||Kanye West||23||Big Brother||13||Graduation||
Fresh off the plane, I'm off to Baseline||Intro||Kanye West||24||Big Brother||13||Graduation||
Nothing handed out, I'm 'bout to take mine||Intro||Kanye West||25||Big Brother||13||Graduation||
'round the same time of that Blueprint 1||Intro||Kanye West||26||Big Brother||13||Graduation||
And these beats in my pocket was that blueprint for him||Intro||Kanye West||27||Big Brother||13||Graduation||
I'd play my little songs in that old back room||Intro||Kanye West||28||Big Brother||13||Graduation||
He'd bob his head and say "Damn! Oh, that's you?"||Intro||Kanye West||29||Big Brother||13||Graduation||
But by The Black Album, I was blacking out||Intro||Kanye West||30||Big Brother||13||Graduation||
Partyin' S.O.B.'s and we had packed a crowd||Intro||Kanye West||31||Big Brother||13||Graduation||
Big brother got his show up at Madison Square||Intro||Kanye West||32||Big Brother||13||Graduation||
And I'm like "Yeah, yeah, we gon' be there" but||Intro||Kanye West||33||Big Brother||13||Graduation||
Not only did I not get a chance to spit it||Intro||Kanye West||34||Big Brother||13||Graduation||
Carline told me I could buy two tickets||Intro||Kanye West||35||Big Brother||13||Graduation||
I guess big brother was thinkin' a little different||Intro||Kanye West||36||Big Brother||13||Graduation||
And kept little brother at bay, at a distance||Intro||Kanye West||37||Big Brother||13||Graduation||
But everything that I felt was more bogus||Intro||Kanye West||38||Big Brother||13||Graduation||
Only made me more focused, only wrote more potent||Intro||Kanye West||39||Big Brother||13||Graduation||
Only thing I wanna know is why I get looked over||Intro||Kanye West||40||Big Brother||13||Graduation||
I guess I'll understand when I get more older||Intro||Kanye West||41||Big Brother||13||Graduation||
Big brother saw me at the bottom of the totem||Intro||Kanye West||42||Big Brother||13||Graduation||
Now I'm on the top and everybody on the scrotum||Intro||Kanye West||43||Big Brother||13||Graduation||
My big brother was B.I.G.'s brother||Intro||Kanye West||44||Big Brother||13||Graduation||
Used to be Dame and Biggs' brother||Intro||Kanye West||45||Big Brother||13||Graduation||
Who was Hip Hop brother, who was No I.D. friend||Intro||Kanye West||46||Big Brother||13||Graduation||
No I.D. my mentor, now let the story begin, begin||Intro||Kanye West||47||Big Brother||13||Graduation||
Let the story begin||Intro||Kanye West||48||Big Brother||13||Graduation||
If you feel the way I feel why don't you wave your hands?||Intro||Kanye West||49||Big Brother||13||Graduation||
Have you ever walked in the shadow of a giant?||Intro||Kanye West||50||Big Brother||13||Graduation||
Not only a client, the Presidito, hola, Hovito||Intro||Kanye West||51||Big Brother||13||Graduation||
The game gettin' foul so here's a free throw||Intro||Kanye West||52||Big Brother||13||Graduation||
I was always on the other side of the peephole||Intro||Kanye West||53||Big Brother||13||Graduation||
Then I dropped "Jesus Walks" now I'm on the steeple||Intro||Kanye West||54||Big Brother||13||Graduation||
And we know, "New Jack City"—got to keep my brother||Intro||Kanye West||55||Big Brother||13||Graduation||
But to be number one I'ma beat my brother||Intro||Kanye West||56||Big Brother||13||Graduation||
On that "Diamonds" remix I swore I spazzed||Intro||Kanye West||57||Big Brother||13||Graduation||
Then my big brother came through and kicked my ass||Intro||Kanye West||58||Big Brother||13||Graduation||
Sibling rivalry, only I could see||Intro||Kanye West||59||Big Brother||13||Graduation||
It was the pride in me that was drivin' me||Intro||Kanye West||60||Big Brother||13||Graduation||
At the Grammys I said, "I inspired me"||Intro||Kanye West||61||Big Brother||13||Graduation||
But my big brother who I always tried to be||Intro||Kanye West||62||Big Brother||13||Graduation||
When I kicked a flow it was like pick-and-roll||Intro||Kanye West||63||Big Brother||13||Graduation||
Cause even if he gave me the rock, it's give-and-go||Intro||Kanye West||64||Big Brother||13||Graduation||
I guess Beanie's style was more of a slam dunk||Intro||Kanye West||65||Big Brother||13||Graduation||
And my shit was more like a finger roll||Intro||Kanye West||66||Big Brother||13||Graduation||
But I had them singles though||Intro||Kanye West||67||Big Brother||13||Graduation||
And them hoes at the show gonna mingle, yo, heh, y'all know||Intro||Kanye West||68||Big Brother||13||Graduation||
I told Jay I did a song with Coldplay||Intro||Kanye West||69||Big Brother||13||Graduation||
Next thing I know he got a song with Coldplay||Intro||Kanye West||70||Big Brother||13||Graduation||
Back in my mind I'm like, "Damn, no way"||Intro||Kanye West||71||Big Brother||13||Graduation||
Translate, español: "No way, José"||Intro||Kanye West||72||Big Brother||13||Graduation||
Then I went and told Jay Brown||Intro||Kanye West||73||Big Brother||13||Graduation||
Shoulda known that was gonna come back around||Intro||Kanye West||74||Big Brother||13||Graduation||
Shoulda talked to you like a man, shoulda told you first||Intro||Kanye West||75||Big Brother||13||Graduation||
But I told somebody else and that's what made shit worse||Intro||Kanye West||76||Big Brother||13||Graduation||
My big brother was B.I.G.'s brother||Intro||Kanye West||77||Big Brother||13||Graduation||
So here's a few words from ya kid brother||Intro||Kanye West||78||Big Brother||13||Graduation||
If you admire somebody you should go on 'head tell 'em||Intro||Kanye West||79||Big Brother||13||Graduation||
People never get the flowers while they can still smell 'em||Intro||Kanye West||80||Big Brother||13||Graduation||
A idol in my eyes, god of the game||Intro||Kanye West||81||Big Brother||13||Graduation||
Heart of the City, Roc-a-Fella chain||Intro||Kanye West||82||Big Brother||13||Graduation||
Never be the same, never be another||Intro||Kanye West||83||Big Brother||13||Graduation||
Number one, Young Hov, also my big brother||Intro||Kanye West||84||Big Brother||13||Graduation||
My big brother was B.I.G.'s brother||Intro||Kanye West||85||Big Brother||13||Graduation||
Used to be Dame and Biggs' brother||Intro||Kanye West||86||Big Brother||13||Graduation||
Who was Hip Hop brother, who was No I.D. friend||Intro||Kanye West||87||Big Brother||13||Graduation||
No I.D., my mentor, and that's where the story ends||Intro||Kanye West||88||Big Brother||13||Graduation||
Toomp killed this shit||Intro||Kanye West||89||Big Brother||13||Graduation||
I'm not sure anymore, more||Intro||Mos Def||1||Good Night||14||Graduation||
Who is knocking at my door, door||Intro||Mos Def||2||Good Night||14||Graduation||
All the faces that I know||Intro||Mos Def||3||Good Night||14||Graduation||
Ja make them so sunny and true||Intro||Mos Def||4||Good Night||14||Graduation||
I don't wanna say goodbye, to you||Chorus||Mos Def||5||Good Night||14||Graduation||
So I'll just say good night, to you||Chorus||Mos Def||6||Good Night||14||Graduation||
My people, no goodbyes to you||Chorus||Mos Def||7||Good Night||14||Graduation||
I'm just gon' say good night||Chorus||Mos Def||8||Good Night||14||Graduation||
Uh||Verse 1||Kanye West||9||Good Night||14||Graduation||
Good night||Verse 1||Kanye West||10||Good Night||14||Graduation||
Right now I can see it so vivid||Verse 1||Kanye West||11||Good Night||14||Graduation||
Like it was just yesterday, like I could relive it||Verse 1||Kanye West||12||Good Night||14||Graduation||
Me and my grandparents on a field trip||Verse 1||Kanye West||13||Good Night||14||Graduation||
And I'm the little kid tryna touch the exhibits||Verse 1||Kanye West||14||Good Night||14||Graduation||
But it'll fade before I get to get a hold of that||Verse 1||Kanye West||15||Good Night||14||Graduation||
Man, I wish I could stop time like a photograph||Verse 1||Kanye West||16||Good Night||14||Graduation||
Every joke that they told I'd know to laugh||Verse 1||Kanye West||17||Good Night||14||Graduation||
Man (man), I wouldn't let a moment pass||Verse 1||Kanye West||18||Good Night||14||Graduation||
What do it mean when you dream that you fallin'?||Verse 1||Kanye West||19||Good Night||14||Graduation||
What do it mean when you dream that you ballin'?||Verse 1||Kanye West||20||Good Night||14||Graduation||
What do it mean when you never dream at all then||Verse 1||Kanye West||21||Good Night||14||Graduation||
And you don't really know 'cause you can't recall them?||Verse 1||Kanye West||22||Good Night||14||Graduation||
It's sorta fly you get a chance to say hi to||Verse 1||Kanye West||23||Good Night||14||Graduation||
People you never got a chance to say bye to||Verse 1||Kanye West||24||Good Night||14||Graduation||
Maybe you could pull em up outta your dreams||Verse 1||Kanye West||25||Good Night||14||Graduation||
Into real life (real life), if you try to||Verse 1||Kanye West||26||Good Night||14||Graduation||
So close (so close), but so far (but so far)||Verse 1||Kanye West||27||Good Night||14||Graduation||
And so far (and so far), no cigar (no cigar)||Verse 1||Kanye West||28||Good Night||14||Graduation||
We can't dwell on the past, all we got is today||Verse 1||Kanye West||29||Good Night||14||Graduation||
So I'ma live like it's no tomorrow, no goodbyes||Verse 1||Kanye West||30||Good Night||14||Graduation||
I don't wanna say goodbye, to you||Chorus||Mos Def||31||Good Night||14||Graduation||
So I'll just say good night, to you||Chorus||Mos Def||32||Good Night||14||Graduation||
My people, no goodbyes to you||Chorus||Mos Def||33||Good Night||14||Graduation||
I'm just gon' say good night||Chorus||Mos Def||34||Good Night||14||Graduation||
Uh, to you||Verse 2||Al Be Back||35||Good Night||14||Graduation||
If I part, my art will live through you||Verse 2||Al Be Back||36||Good Night||14||Graduation||
Dream beautiful and unusual||Verse 2||Al Be Back||37||Good Night||14||Graduation||
Wake up like every day new to you||Verse 2||Al Be Back||38||Good Night||14||Graduation||
Stay true to you, a hood musical||Verse 2||Al Be Back||39||Good Night||14||Graduation||
My art will live through you||Verse 2||Al Be Back||40||Good Night||14||Graduation||
Dream beautiful and unusual||Verse 2||Al Be Back||41||Good Night||14||Graduation||
Wake up like every day new to you||Verse 2||Al Be Back||42||Good Night||14||Graduation||
Stay true to you, a hood musical||Verse 2||Al Be Back||43||Good Night||14||Graduation||
I don't wanna say goodbye, to you||Chorus||Mos Def||44||Good Night||14||Graduation||
So I'll just say good night, to you||Chorus||Mos Def||45||Good Night||14||Graduation||
My people, no goodbyes to you||Chorus||Mos Def||46||Good Night||14||Graduation||
I'm just gon' say good night||Chorus||Mos Def||47||Good Night||14||Graduation||
I'm not sure anymore, more||Outro||Mos Def||48||Good Night||14||Graduation||
Who is knocking at my door, door||Outro||Mos Def||49||Good Night||14||Graduation||
All the faces that I know||Outro||Mos Def||50||Good Night||14||Graduation||
Ja make them so sunny and true||Outro||Mos Def||51||Good Night||14||Graduation||
I'm not sure anymore, more||Outro||Mos Def||52||Good Night||14||Graduation||
Who is knocking at my door, door||Outro||Mos Def||53||Good Night||14||Graduation||
All the faces that I know||Outro||Mos Def||54||Good Night||14||Graduation||
Ja make them so sunny and true||Outro||Mos Def||55||Good Night||14||Graduation||
I'm not sure anymore, more||Outro||Mos Def||56||Good Night||14||Graduation||
Who is knocking at my door, door||Outro||Mos Def||57||Good Night||14||Graduation||
All the faces that I know||Outro||Mos Def||58||Good Night||14||Graduation||
Ja make them so sunny and true||Outro||Mos Def||59||Good Night||14||Graduation||
I'm not sure anymore, more||Outro||Mos Def||60||Good Night||14||Graduation||
Who is knocking at my door, door||Outro||Mos Def||61||Good Night||14||Graduation||
All the faces that I know||Outro||Mos Def||62||Good Night||14||Graduation||
Ja make them so sunny and true||Outro||Mos Def||63||Good Night||14||Graduation||